Workbook

Sheet Du_lieu_goc
A1: Tên sinh viên | B1: Điểm chuyên cần | C1: Khoa
A2: Nguyễn Văn An | B2: 6.5 | C2: CNTT
A3: Trần Thị Bình | B3: 8 | C3: CNTT
A4: Lê Hoàng Cường | B4: 5.5 | C4: Kinh tế
A5: Phạm Minh Dũng | B5: 6 | C5: CNTT
A6: Hoàng Thị Em | B6: 9 | C6: CNTT
A7: Vũ Quốc Huy | B7: 4.5 | C7: Điện tử
A8: Đỗ Thu Hà | B8: 6.8 | C8: CNTT

Sheet Da_lam_sach
A1: Tên sinh viên | B1: Điểm chuyên cần | C1: Khoa
A2: =TRIM(Du_lieu_goc!A2) -> Nguyễn Văn An | B2: =Du_lieu_goc!B2 -> 6.5 | C2: =TRIM(Du_lieu_goc!C2) -> CNTT
A3: =TRIM(Du_lieu_goc!A3) -> Trần Thị Bình | B3: =Du_lieu_goc!B3 -> 8 | C3: =TRIM(Du_lieu_goc!C3) -> CNTT
A4: =TRIM(Du_lieu_goc!A4) -> Lê Hoàng Cường | B4: =Du_lieu_goc!B4 -> 5.5 | C4: =TRIM(Du_lieu_goc!C4) -> Kinh tế
A5: =TRIM(Du_lieu_goc!A5) -> Phạm Minh Dũng | B5: =Du_lieu_goc!B5 -> 6 | C5: =TRIM(Du_lieu_goc!C5) -> CNTT
A6: =TRIM(Du_lieu_goc!A6) -> Hoàng Thị Em | B6: =Du_lieu_goc!B6 -> 9 | C6: =TRIM(Du_lieu_goc!C6) -> CNTT
A7: =TRIM(Du_lieu_goc!A7) -> Vũ Quốc Huy | B7: =Du_lieu_goc!B7 -> 4.5 | C7: =TRIM(Du_lieu_goc!C7) -> Điện tử
A8: =TRIM(Du_lieu_goc!A8) -> Đỗ Thu Hà | B8: =Du_lieu_goc!B8 -> 6.8 | C8: =TRIM(Du_lieu_goc!C8) -> CNTT
